16BBF41_ALL_LATEST,,,,,,,,,,,,,,,
IND_ID,IND_CODE,IND_UUID,IND_PER_CODE,DIM_TIME,DIM_TIME_TYPE,DIM_GEO_CODE_M49,DIM_GEO_CODE_TYPE,DIM_PUBLISH_STATE_CODE,IND_NAME,GEO_NAME_SHORT,DIM_SEX,DIM_AGE,RATE_PER_100000_N,RATE_PER_100000_NL,RATE_PER_100000_NU
16BBF41SDGSUICIDE,SDGSUICIDE,16BBF41,SDGSUICIDE,2019,YEAR,953,WHOREGION,PUBLISHED,Suicide deaths,Africa,TOTAL,TOTAL,6.9,4.15,10.7873
16BBF41SDGSUICIDE,SDGSUICIDE,16BBF41,SDGSUICIDE,2019,YEAR,953,WHOREGION,PUBLISHED,Suicide deaths,Africa,FEMALE,TOTAL,3.27,1.85,5.24
16BBF41SDGSUICIDE,SDGSUICIDE,16BBF41,SDGSUICIDE,2019,YEAR,953,WHOREGION,PUBLISHED,Suicide deaths,Africa,MALE,TOTAL,10.5522,6.46,16.3524
16BBF41SDGSUICIDE,SDGSUICIDE,16BBF41,SDGSUICIDE,2018,YEAR,953,WHOREGION,PUBLISHED,Suicide deaths,Africa,FEMALE,TOTAL,3.27,1.83,5.26
16BBF41SDGSUICIDE,SDGSUICIDE,16BBF41,SDGSUICIDE,2018,YEAR,953,WHOREGION,PUBLISHED,Suicide deaths,Africa,MALE,TOTAL,10.6927,6.54,16.5494
16BBF41SDGSUICIDE,SDGSUICIDE,16BBF41,SDGSUICIDE,2018,YEAR,953,WHOREGION,PUBLISHED,Suicide deaths,Africa,TOTAL,TOTAL,6.98,4.18,10.8969
16BBF41SDGSUICIDE,SDGSUICIDE,16BBF41,SDGSUICIDE,2017,YEAR,953,WHOREGION,PUBLISHED,Suicide deaths,Africa,MALE,TOTAL,10.8517,6.61,16.8336
16BBF41SDGSUICIDE,SDGSUICIDE,16BBF41,SDGSUICIDE,2017,YEAR,953,WHOREGION,PUBLISHED,Suicide deaths,Africa,FEMALE,TOTAL,3.34,1.84,5.49
16BBF41SDGSUICIDE,SDGSUICIDE,16BBF41,SDGSUICIDE,2017,YEAR,953,WHOREGION,PUBLISHED,Suicide deaths,Africa,TOTAL,TOTAL,7.09,4.22,11.1512
16BBF41SDGSUICIDE,SDGSUICIDE,16BBF41,SDGSUICIDE,2016,YEAR,953,WHOREGION,PUBLISHED,Suicide deaths,Africa,TOTAL,TOTAL,7.18,4.27,11.3057
16BBF41SDGSUICIDE,SDGSUICIDE,16BBF41,SDGSUICIDE,2016,YEAR,953,WHOREGION,PUBLISHED,Suicide deaths,Africa,FEMALE,TOTAL,3.45,1.9,5.7
16BBF41SDGSUICIDE,SDGSUICIDE,16BBF41,SDGSUICIDE,2016,YEAR,953,WHOREGION,PUBLISHED,Suicide deaths,Africa,MALE,TOTAL,10.9329,6.66,16.9421
16BBF41SDGSUICIDE,SDGSUICIDE,16BBF41,SDGSUICIDE,2015,YEAR,953,WHOREGION,PUBLISHED,Suicide deaths,Africa,MALE,TOTAL,11.1191,6.83,17.0776
16BBF41SDGSUICIDE,SDGSUICIDE,16BBF41,SDGSUICIDE,2015,YEAR,953,WHOREGION,PUBLISHED,Suicide deaths,Africa,FEMALE,TOTAL,3.54,1.97,5.77
16BBF41SDGSUICIDE,SDGSUICIDE,16BBF41,SDGSUICIDE,2015,YEAR,953,WHOREGION,PUBLISHED,Suicide deaths,Africa,TOTAL,TOTAL,7.32,4.39,11.4093
16BBF41SDGSUICIDE,SDGSUICIDE,16BBF41,SDGSUICIDE,2014,YEAR,953,WHOREGION,PUBLISHED,Suicide deaths,Africa,FEMALE,TOTAL,3.64,2.05,5.86
16BBF41SDGSUICIDE,SDGSUICIDE,16BBF41,SDGSUICIDE,2014,YEAR,953,WHOREGION,PUBLISHED,Suicide deaths,Africa,MALE,TOTAL,11.2969,7.02,17.2492
16BBF41SDGSUICIDE,SDGSUICIDE,16BBF41,SDGSUICIDE,2014,YEAR,953,WHOREGION,PUBLISHED,Suicide deaths,Africa,TOTAL,TOTAL,7.46,4.53,11.5401
16BBF41SDGSUICIDE,SDGSUICIDE,16BBF41,SDGSUICIDE,2013,YEAR,953,WHOREGION,PUBLISHED,Suicide deaths,Africa,TOTAL,TOTAL,7.65,4.67,11.7948
16BBF41SDGSUICIDE,SDGSUICIDE,16BBF41,SDGSUICIDE,2013,YEAR,953,WHOREGION,PUBLISHED,Suicide deaths,Africa,MALE,TOTAL,11.5711,7.22,17.616
16BBF41SDGSUICIDE,SDGSUICIDE,16BBF41,SDGSUICIDE,2013,YEAR,953,WHOREGION,PUBLISHED,Suicide deaths,Africa,FEMALE,TOTAL,3.76,2.13,6.01
16BBF41SDGSUICIDE,SDGSUICIDE,16BBF41,SDGSUICIDE,2012,YEAR,953,WHOREGION,PUBLISHED,Suicide deaths,Africa,FEMALE,TOTAL,3.89,2.22,6.2
16BBF41SDGSUICIDE,SDGSUICIDE,16BBF41,SDGSUICIDE,2012,YEAR,953,WHOREGION,PUBLISHED,Suicide deaths,Africa,TOTAL,TOTAL,7.77,4.76,11.9237
16BBF41SDGSUICIDE,SDGSUICIDE,16BBF41,SDGSUICIDE,2012,YEAR,953,WHOREGION,PUBLISHED,Suicide deaths,Africa,MALE,TOTAL,11.6768,7.31,17.6854
16BBF41SDGSUICIDE,SDGSUICIDE,16BBF41,SDGSUICIDE,2011,YEAR,953,WHOREGION,PUBLISHED,Suicide deaths,Africa,TOTAL,TOTAL,7.91,4.86,12.1161
16BBF41SDGSUICIDE,SDGSUICIDE,16BBF41,SDGSUICIDE,2011,YEAR,953,WHOREGION,PUBLISHED,Suicide deaths,Africa,MALE,TOTAL,11.7511,7.4,17.7522
16BBF41SDGSUICIDE,SDGSUICIDE,16BBF41,SDGSUICIDE,2011,YEAR,953,WHOREGION,PUBLISHED,Suicide deaths,Africa,FEMALE,TOTAL,4.1,2.33,6.52
16BBF41SDGSUICIDE,SDGSUICIDE,16BBF41,SDGSUICIDE,2010,YEAR,953,WHOREGION,PUBLISHED,Suicide deaths,Africa,TOTAL,TOTAL,8.18,5.06,12.4479
16BBF41SDGSUICIDE,SDGSUICIDE,16BBF41,SDGSUICIDE,2010,YEAR,953,WHOREGION,PUBLISHED,Suicide deaths,Africa,FEMALE,TOTAL,4.33,2.48,6.83
16BBF41SDGSUICIDE,SDGSUICIDE,16BBF41,SDGSUICIDE,2010,YEAR,953,WHOREGION,PUBLISHED,Suicide deaths,Africa,MALE,TOTAL,12.0627,7.66,18.1131
16BBF41SDGSUICIDE,SDGSUICIDE,16BBF41,SDGSUICIDE,2009,YEAR,953,WHOREGION,PUBLISHED,Suicide deaths,Africa,MALE,TOTAL,12.3566,7.88,18.4925
16BBF41SDGSUICIDE,SDGSUICIDE,16BBF41,SDGSUICIDE,2009,YEAR,953,WHOREGION,PUBLISHED,Suicide deaths,Africa,FEMALE,TOTAL,4.52,2.6,7.1
16BBF41SDGSUICIDE,SDGSUICIDE,16BBF41,SDGSUICIDE,2009,YEAR,953,WHOREGION,PUBLISHED,Suicide deaths,Africa,TOTAL,TOTAL,8.42,5.23,12.7729
16BBF41SDGSUICIDE,SDGSUICIDE,16BBF41,SDGSUICIDE,2008,YEAR,953,WHOREGION,PUBLISHED,Suicide deaths,Africa,MALE,TOTAL,12.4168,7.92,18.4707
16BBF41SDGSUICIDE,SDGSUICIDE,16BBF41,SDGSUICIDE,2008,YEAR,953,WHOREGION,PUBLISHED,Suicide deaths,Africa,FEMALE,TOTAL,4.58,2.67,7.16
16BBF41SDGSUICIDE,SDGSUICIDE,16BBF41,SDGSUICIDE,2008,YEAR,953,WHOREGION,PUBLISHED,Suicide deaths,Africa,TOTAL,TOTAL,8.48,5.28,12.7932
16BBF41SDGSUICIDE,SDGSUICIDE,16BBF41,SDGSUICIDE,2007,YEAR,953,WHOREGION,PUBLISHED,Suicide deaths,Africa,MALE,TOTAL,12.2806,7.83,18.3554
16BBF41SDGSUICIDE,SDGSUICIDE,16BBF41,SDGSUICIDE,2007,YEAR,953,WHOREGION,PUBLISHED,Suicide deaths,Africa,TOTAL,TOTAL,8.38,5.23,12.6706
16BBF41SDGSUICIDE,SDGSUICIDE,16BBF41,SDGSUICIDE,2007,YEAR,953,WHOREGION,PUBLISHED,Suicide deaths,Africa,FEMALE,TOTAL,4.52,2.66,7.03
16BBF41SDGSUICIDE,SDGSUICIDE,16BBF41,SDGSUICIDE,2006,YEAR,953,WHOREGION,PUBLISHED,Suicide deaths,Africa,TOTAL,TOTAL,8.42,5.25,12.6975
16BBF41SDGSUICIDE,SDGSUICIDE,16BBF41,SDGSUICIDE,2006,YEAR,953,WHOREGION,PUBLISHED,Suicide deaths,Africa,MALE,TOTAL,12.3333,7.85,18.3849
16BBF41SDGSUICIDE,SDGSUICIDE,16BBF41,SDGSUICIDE,2006,YEAR,953,WHOREGION,PUBLISHED,Suicide deaths,Africa,FEMALE,TOTAL,4.53,2.68,7.06
16BBF41SDGSUICIDE,SDGSUICIDE,16BBF41,SDGSUICIDE,2005,YEAR,953,WHOREGION,PUBLISHED,Suicide deaths,Africa,TOTAL,TOTAL,8.49,5.31,12.7972
16BBF41SDGSUICIDE,SDGSUICIDE,16BBF41,SDGSUICIDE,2005,YEAR,953,WHOREGION,PUBLISHED,Suicide deaths,Africa,MALE,TOTAL,12.4526,7.93,18.5594
16BBF41SDGSUICIDE,SDGSUICIDE,16BBF41,SDGSUICIDE,2005,YEAR,953,WHOREGION,PUBLISHED,Suicide deaths,Africa,FEMALE,TOTAL,4.57,2.72,7.09
16BBF41SDGSUICIDE,SDGSUICIDE,16BBF41,SDGSUICIDE,2004,YEAR,953,WHOREGION,PUBLISHED,Suicide deaths,Africa,FEMALE,TOTAL,4.65,2.78,7.2
16BBF41SDGSUICIDE,SDGSUICIDE,16BBF41,SDGSUICIDE,2004,YEAR,953,WHOREGION,PUBLISHED,Suicide deaths,Africa,MALE,TOTAL,12.5777,7.98,18.7148
16BBF41SDGSUICIDE,SDGSUICIDE,16BBF41,SDGSUICIDE,2004,YEAR,953,WHOREGION,PUBLISHED,Suicide deaths,Africa,TOTAL,TOTAL,8.59,5.37,12.9287
16BBF41SDGSUICIDE,SDGSUICIDE,16BBF41,SDGSUICIDE,2003,YEAR,953,WHOREGION,PUBLISHED,Suicide deaths,Africa,TOTAL,TOTAL,8.74,5.45,13.0882
16BBF41SDGSUICIDE,SDGSUICIDE,16BBF41,SDGSUICIDE,2003,YEAR,953,WHOREGION,PUBLISHED,Suicide deaths,Africa,MALE,TOTAL,12.7925,8.1,18.9241
16BBF41SDGSUICIDE,SDGSUICIDE,16BBF41,SDGSUICIDE,2003,YEAR,953,WHOREGION,PUBLISHED,Suicide deaths,Africa,FEMALE,TOTAL,4.73,2.84,7.31
16BBF41SDGSUICIDE,SDGSUICIDE,16BBF41,SDGSUICIDE,2002,YEAR,953,WHOREGION,PUBLISHED,Suicide deaths,Africa,FEMALE,TOTAL,4.79,2.87,7.4
16BBF41SDGSUICIDE,SDGSUICIDE,16BBF41,SDGSUICIDE,2002,YEAR,953,WHOREGION,PUBLISHED,Suicide deaths,Africa,MALE,TOTAL,12.9508,8.17,19.1827
16BBF41SDGSUICIDE,SDGSUICIDE,16BBF41,SDGSUICIDE,2002,YEAR,953,WHOREGION,PUBLISHED,Suicide deaths,Africa,TOTAL,TOTAL,8.85,5.51,13.2646
16BBF41SDGSUICIDE,SDGSUICIDE,16BBF41,SDGSUICIDE,2001,YEAR,953,WHOREGION,PUBLISHED,Suicide deaths,Africa,MALE,TOTAL,13.1704,8.27,19.5309
16BBF41SDGSUICIDE,SDGSUICIDE,16BBF41,SDGSUICIDE,2001,YEAR,953,WHOREGION,PUBLISHED,Suicide deaths,Africa,FEMALE,TOTAL,4.84,2.89,7.49
16BBF41SDGSUICIDE,SDGSUICIDE,16BBF41,SDGSUICIDE,2001,YEAR,953,WHOREGION,PUBLISHED,Suicide deaths,Africa,TOTAL,TOTAL,8.98,5.57,13.4788
16BBF41SDGSUICIDE,SDGSUICIDE,16BBF41,SDGSUICIDE,2000,YEAR,953,WHOREGION,PUBLISHED,Suicide deaths,Africa,MALE,TOTAL,13.503,8.44,20.0013
16BBF41SDGSUICIDE,SDGSUICIDE,16BBF41,SDGSUICIDE,2000,YEAR,953,WHOREGION,PUBLISHED,Suicide deaths,Africa,FEMALE,TOTAL,4.95,2.98,7.65
16BBF41SDGSUICIDE,SDGSUICIDE,16BBF41,SDGSUICIDE,2000,YEAR,953,WHOREGION,PUBLISHED,Suicide deaths,Africa,TOTAL,TOTAL,9.21,5.7,13.7952
16BBF41SDGSUICIDE,SDGSUICIDE,16BBF41,SDGSUICIDE,2019,YEAR,954,WHOREGION,PUBLISHED,Suicide deaths,Americas,TOTAL,TOTAL,9.64,8.36,13.133
16BBF41SDGSUICIDE,SDGSUICIDE,16BBF41,SDGSUICIDE,2019,YEAR,954,WHOREGION,PUBLISHED,Suicide deaths,Americas,FEMALE,TOTAL,4.38,3.78,6.12
16BBF41SDGSUICIDE,SDGSUICIDE,16BBF41,SDGSUICIDE,2019,YEAR,954,WHOREGION,PUBLISHED,Suicide deaths,Americas,MALE,TOTAL,15.0459,13.0717,20.3424
16BBF41SDGSUICIDE,SDGSUICIDE,16BBF41,SDGSUICIDE,2018,YEAR,954,WHOREGION,PUBLISHED,Suicide deaths,Americas,MALE,TOTAL,14.9372,13.1234,19.9996
16BBF41SDGSUICIDE,SDGSUICIDE,16BBF41,SDGSUICIDE,2018,YEAR,954,WHOREGION,PUBLISHED,Suicide deaths,Americas,TOTAL,TOTAL,9.57,8.39,12.9054
16BBF41SDGSUICIDE,SDGSUICIDE,16BBF41,SDGSUICIDE,2018,YEAR,954,WHOREGION,PUBLISHED,Suicide deaths,Americas,FEMALE,TOTAL,4.36,3.78,6
16BBF41SDGSUICIDE,SDGSUICIDE,16BBF41,SDGSUICIDE,2017,YEAR,954,WHOREGION,PUBLISHED,Suicide deaths,Americas,MALE,TOTAL,15.2801,13.6453,20.3214
16BBF41SDGSUICIDE,SDGSUICIDE,16BBF41,SDGSUICIDE,2017,YEAR,954,WHOREGION,PUBLISHED,Suicide deaths,Americas,TOTAL,TOTAL,9.72,8.65,13.1967
16BBF41SDGSUICIDE,SDGSUICIDE,16BBF41,SDGSUICIDE,2017,YEAR,954,WHOREGION,PUBLISHED,Suicide deaths,Americas,FEMALE,TOTAL,4.3,3.79,6.26
16BBF41SDGSUICIDE,SDGSUICIDE,16BBF41,SDGSUICIDE,2016,YEAR,954,WHOREGION,PUBLISHED,Suicide deaths,Americas,FEMALE,TOTAL,4.16,3.7,5.42
16BBF41SDGSUICIDE,SDGSUICIDE,16BBF41,SDGSUICIDE,2016,YEAR,954,WHOREGION,PUBLISHED,Suicide deaths,Americas,MALE,TOTAL,14.4418,13.0403,18.9406
16BBF41SDGSUICIDE,SDGSUICIDE,16BBF41,SDGSUICIDE,2016,YEAR,954,WHOREGION,PUBLISHED,Suicide deaths,Americas,TOTAL,TOTAL,9.23,8.3,12.0909
16BBF41SDGSUICIDE,SDGSUICIDE,16BBF41,SDGSUICIDE,2015,YEAR,954,WHOREGION,PUBLISHED,Suicide deaths,Americas,MALE,TOTAL,13.9865,12.6605,18.4534
16BBF41SDGSUICIDE,SDGSUICIDE,16BBF41,SDGSUICIDE,2015,YEAR,954,WHOREGION,PUBLISHED,Suicide deaths,Americas,TOTAL,TOTAL,9.03,8.15,11.4853
16BBF41SDGSUICIDE,SDGSUICIDE,16BBF41,SDGSUICIDE,2015,YEAR,954,WHOREGION,PUBLISHED,Suicide deaths,Americas,FEMALE,TOTAL,4.2,3.76,4.7
16BBF41SDGSUICIDE,SDGSUICIDE,16BBF41,SDGSUICIDE,2014,YEAR,954,WHOREGION,PUBLISHED,Suicide deaths,Americas,TOTAL,TOTAL,8.84,8,11.5479
16BBF41SDGSUICIDE,SDGSUICIDE,16BBF41,SDGSUICIDE,2014,YEAR,954,WHOREGION,PUBLISHED,Suicide deaths,Americas,FEMALE,TOTAL,4.06,3.64,5.32
16BBF41SDGSUICIDE,SDGSUICIDE,16BBF41,SDGSUICIDE,2014,YEAR,954,WHOREGION,PUBLISHED,Suicide deaths,Americas,MALE,TOTAL,13.7472,12.4906,17.9461
16BBF41SDGSUICIDE,SDGSUICIDE,16BBF41,SDGSUICIDE,2013,YEAR,954,WHOREGION,PUBLISHED,Suicide deaths,Americas,FEMALE,TOTAL,3.92,3.52,6.17
16BBF41SDGSUICIDE,SDGSUICIDE,16BBF41,SDGSUICIDE,2013,YEAR,954,WHOREGION,PUBLISHED,Suicide deaths,Americas,MALE,TOTAL,13.4192,12.222,18.0324
16BBF41SDGSUICIDE,SDGSUICIDE,16BBF41,SDGSUICIDE,2013,YEAR,954,WHOREGION,PUBLISHED,Suicide deaths,Americas,TOTAL,TOTAL,8.61,7.81,12.0239
16BBF41SDGSUICIDE,SDGSUICIDE,16BBF41,SDGSUICIDE,2012,YEAR,954,WHOREGION,PUBLISHED,Suicide deaths,Americas,FEMALE,TOTAL,3.91,3.51,5.26
16BBF41SDGSUICIDE,SDGSUICIDE,16BBF41,SDGSUICIDE,2012,YEAR,954,WHOREGION,PUBLISHED,Suicide deaths,Americas,TOTAL,TOTAL,8.59,7.81,11.3905
16BBF41SDGSUICIDE,SDGSUICIDE,16BBF41,SDGSUICIDE,2012,YEAR,954,WHOREGION,PUBLISHED,Suicide deaths,Americas,MALE,TOTAL,13.3979,12.2304,17.6911
16BBF41SDGSUICIDE,SDGSUICIDE,16BBF41,SDGSUICIDE,2011,YEAR,954,WHOREGION,PUBLISHED,Suicide deaths,Americas,TOTAL,TOTAL,8.56,7.8,12.4212
16BBF41SDGSUICIDE,SDGSUICIDE,16BBF41,SDGSUICIDE,2011,YEAR,954,WHOREGION,PUBLISHED,Suicide deaths,Americas,FEMALE,TOTAL,3.89,3.49,6.29
16BBF41SDGSUICIDE,SDGSUICIDE,16BBF41,SDGSUICIDE,2011,YEAR,954,WHOREGION,PUBLISHED,Suicide deaths,Americas,MALE,TOTAL,13.3548,12.2209,18.7206
16BBF41SDGSUICIDE,SDGSUICIDE,16BBF41,SDGSUICIDE,2010,YEAR,954,WHOREGION,PUBLISHED,Suicide deaths,Americas,FEMALE,TOTAL,3.79,3.39,5.5
16BBF41SDGSUICIDE,SDGSUICIDE,16BBF41,SDGSUICIDE,2010,YEAR,954,WHOREGION,PUBLISHED,Suicide deaths,Americas,TOTAL,TOTAL,8.36,7.61,11.7093
16BBF41SDGSUICIDE,SDGSUICIDE,16BBF41,SDGSUICIDE,2010,YEAR,954,WHOREGION,PUBLISHED,Suicide deaths,Americas,MALE,TOTAL,13.0623,11.9447,18.0815
16BBF41SDGSUICIDE,SDGSUICIDE,16BBF41,SDGSUICIDE,2009,YEAR,954,WHOREGION,PUBLISHED,Suicide deaths,Americas,FEMALE,TOTAL,3.75,3.36,5.72
16BBF41SDGSUICIDE,SDGSUICIDE,16BBF41,SDGSUICIDE,2009,YEAR,954,WHOREGION,PUBLISHED,Suicide deaths,Americas,MALE,TOTAL,13.0336,11.9237,17.6665
16BBF41SDGSUICIDE,SDGSUICIDE,16BBF41,SDGSUICIDE,2009,YEAR,954,WHOREGION,PUBLISHED,Suicide deaths,Americas,TOTAL,TOTAL,8.33,7.58,11.6137
16BBF41SDGSUICIDE,SDGSUICIDE,16BBF41,SDGSUICIDE,2008,YEAR,954,WHOREGION,PUBLISHED,Suicide deaths,Americas,MALE,TOTAL,12.8694,11.7936,18.2321
16BBF41SDGSUICIDE,SDGSUICIDE,16BBF41,SDGSUICIDE,2008,YEAR,954,WHOREGION,PUBLISHED,Suicide deaths,Americas,FEMALE,TOTAL,3.71,3.32,6.75
16BBF41SDGSUICIDE,SDGSUICIDE,16BBF41,SDGSUICIDE,2008,YEAR,954,WHOREGION,PUBLISHED,Suicide deaths,Americas,TOTAL,TOTAL,8.23,7.5,12.4152
16BBF41SDGSUICIDE,SDGSUICIDE,16BBF41,SDGSUICIDE,2007,YEAR,954,WHOREGION,PUBLISHED,Suicide deaths,Americas,TOTAL,TOTAL,8.02,7.3,10.9483
16BBF41SDGSUICIDE,SDGSUICIDE,16BBF41,SDGSUICIDE,2007,YEAR,954,WHOREGION,PUBLISHED,Suicide deaths,Americas,FEMALE,TOTAL,3.64,3.26,5.08
16BBF41SDGSUICIDE,SDGSUICIDE,16BBF41,SDGSUICIDE,2007,YEAR,954,WHOREGION,PUBLISHED,Suicide deaths,Americas,MALE,TOTAL,12.516,11.4578,16.9714
16BBF41SDGSUICIDE,SDGSUICIDE,16BBF41,SDGSUICIDE,2006,YEAR,954,WHOREGION,PUBLISHED,Suicide deaths,Americas,FEMALE,TOTAL,3.52,3.14,6.28
16BBF41SDGSUICIDE,SDGSUICIDE,16BBF41,SDGSUICIDE,2006,YEAR,954,WHOREGION,PUBLISHED,Suicide deaths,Americas,MALE,TOTAL,12.4291,11.3543,17.0222
16BBF41SDGSUICIDE,SDGSUICIDE,16BBF41,SDGSUICIDE,2006,YEAR,954,WHOREGION,PUBLISHED,Suicide deaths,Americas,TOTAL,TOTAL,7.92,7.19,11.5824
16BBF41SDGSUICIDE,SDGSUICIDE,16BBF41,SDGSUICIDE,2005,YEAR,954,WHOREGION,PUBLISHED,Suicide deaths,Americas,FEMALE,TOTAL,3.54,3.14,4.42
16BBF41SDGSUICIDE,SDGSUICIDE,16BBF41,SDGSUICIDE,2005,YEAR,954,WHOREGION,PUBLISHED,Suicide deaths,Americas,MALE,TOTAL,12.3664,11.2885,17.4753
16BBF41SDGSUICIDE,SDGSUICIDE,16BBF41,SDGSUICIDE,2005,YEAR,954,WHOREGION,PUBLISHED,Suicide deaths,Americas,TOTAL,TOTAL,7.89,7.16,10.8644
16BBF41SDGSUICIDE,SDGSUICIDE,16BBF41,SDGSUICIDE,2004,YEAR,954,WHOREGION,PUBLISHED,Suicide deaths,Americas,TOTAL,TOTAL,7.87,7.15,10.6336
16BBF41SDGSUICIDE,SDGSUICIDE,16BBF41,SDGSUICIDE,2004,YEAR,954,WHOREGION,PUBLISHED,Suicide deaths,Americas,MALE,TOTAL,12.2803,11.2297,16.735
16BBF41SDGSUICIDE,SDGSUICIDE,16BBF41,SDGSUICIDE,2004,YEAR,954,WHOREGION,PUBLISHED,Suicide deaths,Americas,FEMALE,TOTAL,3.56,3.18,4.69
16BBF41SDGSUICIDE,SDGSUICIDE,16BBF41,SDGSUICIDE,2003,YEAR,954,WHOREGION,PUBLISHED,Suicide deaths,Americas,FEMALE,TOTAL,3.47,3.08,4.4
16BBF41SDGSUICIDE,SDGSUICIDE,16BBF41,SDGSUICIDE,2003,YEAR,954,WHOREGION,PUBLISHED,Suicide deaths,Americas,TOTAL,TOTAL,7.85,7.14,11.1021
16BBF41SDGSUICIDE,SDGSUICIDE,16BBF41,SDGSUICIDE,2003,YEAR,954,WHOREGION,PUBLISHED,Suicide deaths,Americas,MALE,TOTAL,12.3467,11.2992,17.9809
16BBF41SDGSUICIDE,SDGSUICIDE,16BBF41,SDGSUICIDE,2002,YEAR,954,WHOREGION,PUBLISHED,Suicide deaths,Americas,TOTAL,TOTAL,7.9,7.19,12.2823
16BBF41SDGSUICIDE,SDGSUICIDE,16BBF41,SDGSUICIDE,2002,YEAR,954,WHOREGION,PUBLISHED,Suicide deaths,Americas,FEMALE,TOTAL,3.5,3.11,6.37
16BBF41SDGSUICIDE,SDGSUICIDE,16BBF41,SDGSUICIDE,2002,YEAR,954,WHOREGION,PUBLISHED,Suicide deaths,Americas,MALE,TOTAL,12.4119,11.3734,18.3516
16BBF41SDGSUICIDE,SDGSUICIDE,16BBF41,SDGSUICIDE,2001,YEAR,954,WHOREGION,PUBLISHED,Suicide deaths,Americas,MALE,TOTAL,12.3608,11.3185,18.2915
16BBF41SDGSUICIDE,SDGSUICIDE,16BBF41,SDGSUICIDE,2001,YEAR,954,WHOREGION,PUBLISHED,Suicide deaths,Americas,TOTAL,TOTAL,7.81,7.1,11.2675
16BBF41SDGSUICIDE,SDGSUICIDE,16BBF41,SDGSUICIDE,2001,YEAR,954,WHOREGION,PUBLISHED,Suicide deaths,Americas,FEMALE,TOTAL,3.37,2.98,4.42
16BBF41SDGSUICIDE,SDGSUICIDE,16BBF41,SDGSUICIDE,2000,YEAR,954,WHOREGION,PUBLISHED,Suicide deaths,Americas,FEMALE,TOTAL,3.23,2.85,5.38
16BBF41SDGSUICIDE,SDGSUICIDE,16BBF41,SDGSUICIDE,2000,YEAR,954,WHOREGION,PUBLISHED,Suicide deaths,Americas,MALE,TOTAL,11.9409,10.9073,18.0193
16BBF41SDGSUICIDE,SDGSUICIDE,16BBF41,SDGSUICIDE,2000,YEAR,954,WHOREGION,PUBLISHED,Suicide deaths,Americas,TOTAL,TOTAL,7.53,6.83,11.6178
16BBF41SDGSUICIDE,SDGSUICIDE,16BBF41,SDGSUICIDE,2019,YEAR,957,WHOREGION,PUBLISHED,Suicide deaths,Eastern Mediterranean,MALE,TOTAL,8.35,4.31,14.5986
16BBF41SDGSUICIDE,SDGSUICIDE,16BBF41,SDGSUICIDE,2019,YEAR,957,WHOREGION,PUBLISHED,Suicide deaths,Eastern Mediterranean,TOTAL,TOTAL,5.85,3.15,9.98
16BBF41SDGSUICIDE,SDGSUICIDE,16BBF41,SDGSUICIDE,2019,YEAR,957,WHOREGION,PUBLISHED,Suicide deaths,Eastern Mediterranean,FEMALE,TOTAL,3.18,1.91,5.04
16BBF41SDGSUICIDE,SDGSUICIDE,16BBF41,SDGSUICIDE,2018,YEAR,957,WHOREGION,PUBLISHED,Suicide deaths,Eastern Mediterranean,MALE,TOTAL,8.41,4.27,14.6393
16BBF41SDGSUICIDE,SDGSUICIDE,16BBF41,SDGSUICIDE,2018,YEAR,957,WHOREGION,PUBLISHED,Suicide deaths,Eastern Mediterranean,FEMALE,TOTAL,3.23,1.98,5.06
16BBF41SDGSUICIDE,SDGSUICIDE,16BBF41,SDGSUICIDE,2018,YEAR,957,WHOREGION,PUBLISHED,Suicide deaths,Eastern Mediterranean,TOTAL,TOTAL,5.9,3.16,10.0075
16BBF41SDGSUICIDE,SDGSUICIDE,16BBF41,SDGSUICIDE,2017,YEAR,957,WHOREGION,PUBLISHED,Suicide deaths,Eastern Mediterranean,MALE,TOTAL,8.54,4.37,14.7896
16BBF41SDGSUICIDE,SDGSUICIDE,16BBF41,SDGSUICIDE,2017,YEAR,957,WHOREGION,PUBLISHED,Suicide deaths,Eastern Mediterranean,FEMALE,TOTAL,3.27,2.02,5.09
16BBF41SDGSUICIDE,SDGSUICIDE,16BBF41,SDGSUICIDE,2017,YEAR,957,WHOREGION,PUBLISHED,Suicide deaths,Eastern Mediterranean,TOTAL,TOTAL,5.99,3.24,10.0956
16BBF41SDGSUICIDE,SDGSUICIDE,16BBF41,SDGSUICIDE,2016,YEAR,957,WHOREGION,PUBLISHED,Suicide deaths,Eastern Mediterranean,FEMALE,TOTAL,3.33,2.08,5.15
16BBF41SDGSUICIDE,SDGSUICIDE,16BBF41,SDGSUICIDE,2016,YEAR,957,WHOREGION,PUBLISHED,Suicide deaths,Eastern Mediterranean,MALE,TOTAL,8.59,4.44,14.8195
16BBF41SDGSUICIDE,SDGSUICIDE,16BBF41,SDGSUICIDE,2016,YEAR,957,WHOREGION,PUBLISHED,Suicide deaths,Eastern Mediterranean,TOTAL,TOTAL,6.05,3.3,10.1412
16BBF41SDGSUICIDE,SDGSUICIDE,16BBF41,SDGSUICIDE,2015,YEAR,957,WHOREGION,PUBLISHED,Suicide deaths,Eastern Mediterranean,FEMALE,TOTAL,3.36,2.1,5.18
16BBF41SDGSUICIDE,SDGSUICIDE,16BBF41,SDGSUICIDE,2015,YEAR,957,WHOREGION,PUBLISHED,Suicide deaths,Eastern Mediterranean,MALE,TOTAL,8.58,4.4,14.6897
16BBF41SDGSUICIDE,SDGSUICIDE,16BBF41,SDGSUICIDE,2015,YEAR,957,WHOREGION,PUBLISHED,Suicide deaths,Eastern Mediterranean,TOTAL,TOTAL,6.05,3.29,10.089
16BBF41SDGSUICIDE,SDGSUICIDE,16BBF41,SDGSUICIDE,2014,YEAR,957,WHOREGION,PUBLISHED,Suicide deaths,Eastern Mediterranean,MALE,TOTAL,8.63,4.53,14.8546
16BBF41SDGSUICIDE,SDGSUICIDE,16BBF41,SDGSUICIDE,2014,YEAR,957,WHOREGION,PUBLISHED,Suicide deaths,Eastern Mediterranean,TOTAL,TOTAL,6.11,3.38,10.2019
16BBF41SDGSUICIDE,SDGSUICIDE,16BBF41,SDGSUICIDE,2014,YEAR,957,WHOREGION,PUBLISHED,Suicide deaths,Eastern Mediterranean,FEMALE,TOTAL,3.43,2.16,5.24
16BBF41SDGSUICIDE,SDGSUICIDE,16BBF41,SDGSUICIDE,2013,YEAR,957,WHOREGION,PUBLISHED,Suicide deaths,Eastern Mediterranean,MALE,TOTAL,8.63,4.46,14.8949
16BBF41SDGSUICIDE,SDGSUICIDE,16BBF41,SDGSUICIDE,2013,YEAR,957,WHOREGION,PUBLISHED,Suicide deaths,Eastern Mediterranean,FEMALE,TOTAL,3.49,2.21,5.33
16BBF41SDGSUICIDE,SDGSUICIDE,16BBF41,SDGSUICIDE,2013,YEAR,957,WHOREGION,PUBLISHED,Suicide deaths,Eastern Mediterranean,TOTAL,TOTAL,6.15,3.37,10.2622
16BBF41SDGSUICIDE,SDGSUICIDE,16BBF41,SDGSUICIDE,2012,YEAR,957,WHOREGION,PUBLISHED,Suicide deaths,Eastern Mediterranean,MALE,TOTAL,8.67,4.52,14.8648
16BBF41SDGSUICIDE,SDGSUICIDE,16BBF41,SDGSUICIDE,2012,YEAR,957,WHOREGION,PUBLISHED,Suicide deaths,Eastern Mediterranean,FEMALE,TOTAL,3.56,2.27,5.42
16BBF41SDGSUICIDE,SDGSUICIDE,16BBF41,SDGSUICIDE,2012,YEAR,957,WHOREGION,PUBLISHED,Suicide deaths,Eastern Mediterranean,TOTAL,TOTAL,6.2,3.43,10.2916
16BBF41SDGSUICIDE,SDGSUICIDE,16BBF41,SDGSUICIDE,2011,YEAR,957,WHOREGION,PUBLISHED,Suicide deaths,Eastern Mediterranean,MALE,TOTAL,8.61,4.52,14.8133
16BBF41SDGSUICIDE,SDGSUICIDE,16BBF41,SDGSUICIDE,2011,YEAR,957,WHOREGION,PUBLISHED,Suicide deaths,Eastern Mediterranean,TOTAL,TOTAL,6.18,3.44,10.295
16BBF41SDGSUICIDE,SDGSUICIDE,16BBF41,SDGSUICIDE,2011,YEAR,957,WHOREGION,PUBLISHED,Suicide deaths,Eastern Mediterranean,FEMALE,TOTAL,3.6,2.3,5.49
16BBF41SDGSUICIDE,SDGSUICIDE,16BBF41,SDGSUICIDE,2010,YEAR,957,WHOREGION,PUBLISHED,Suicide deaths,Eastern Mediterranean,FEMALE,TOTAL,3.63,2.32,5.51
16BBF41SDGSUICIDE,SDGSUICIDE,16BBF41,SDGSUICIDE,2010,YEAR,957,WHOREGION,PUBLISHED,Suicide deaths,Eastern Mediterranean,MALE,TOTAL,8.45,4.38,14.6833
16BBF41SDGSUICIDE,SDGSUICIDE,16BBF41,SDGSUICIDE,2010,YEAR,957,WHOREGION,PUBLISHED,Suicide deaths,Eastern Mediterranean,TOTAL,TOTAL,6.11,3.38,10.2376
16BBF41SDGSUICIDE,SDGSUICIDE,16BBF41,SDGSUICIDE,2009,YEAR,957,WHOREGION,PUBLISHED,Suicide deaths,Eastern Mediterranean,FEMALE,TOTAL,3.64,2.34,5.53
16BBF41SDGSUICIDE,SDGSUICIDE,16BBF41,SDGSUICIDE,2009,YEAR,957,WHOREGION,PUBLISHED,Suicide deaths,Eastern Mediterranean,MALE,TOTAL,8.41,4.31,14.6683
16BBF41SDGSUICIDE,SDGSUICIDE,16BBF41,SDGSUICIDE,2009,YEAR,957,WHOREGION,PUBLISHED,Suicide deaths,Eastern Mediterranean,TOTAL,TOTAL,6.1,3.35,10.2377
16BBF41SDGSUICIDE,SDGSUICIDE,16BBF41,SDGSUICIDE,2008,YEAR,957,WHOREGION,PUBLISHED,Suicide deaths,Eastern Mediterranean,MALE,TOTAL,8.4,4.29,14.5742
16BBF41SDGSUICIDE,SDGSUICIDE,16BBF41,SDGSUICIDE,2008,YEAR,957,WHOREGION,PUBLISHED,Suicide deaths,Eastern Mediterranean,FEMALE,TOTAL,3.7,2.39,5.59
16BBF41SDGSUICIDE,SDGSUICIDE,16BBF41,SDGSUICIDE,2008,YEAR,957,WHOREGION,PUBLISHED,Suicide deaths,Eastern Mediterranean,TOTAL,TOTAL,6.12,3.37,10.2125
16BBF41SDGSUICIDE,SDGSUICIDE,16BBF41,SDGSUICIDE,2007,YEAR,957,WHOREGION,PUBLISHED,Suicide deaths,Eastern Mediterranean,TOTAL,TOTAL,6.16,3.42,10.2949
16BBF41SDGSUICIDE,SDGSUICIDE,16BBF41,SDGSUICIDE,2007,YEAR,957,WHOREGION,PUBLISHED,Suicide deaths,Eastern Mediterranean,FEMALE,TOTAL,3.78,2.44,5.76
16BBF41SDGSUICIDE,SDGSUICIDE,16BBF41,SDGSUICIDE,2007,YEAR,957,WHOREGION,PUBLISHED,Suicide deaths,Eastern Mediterranean,MALE,TOTAL,8.41,4.33,14.5792
16BBF41SDGSUICIDE,SDGSUICIDE,16BBF41,SDGSUICIDE,2006,YEAR,957,WHOREGION,PUBLISHED,Suicide deaths,Eastern Mediterranean,MALE,TOTAL,8.31,4.24,14.4795
16BBF41SDGSUICIDE,SDGSUICIDE,16BBF41,SDGSUICIDE,2006,YEAR,957,WHOREGION,PUBLISHED,Suicide deaths,Eastern Mediterranean,FEMALE,TOTAL,3.82,2.47,5.82
16BBF41SDGSUICIDE,SDGSUICIDE,16BBF41,SDGSUICIDE,2006,YEAR,957,WHOREGION,PUBLISHED,Suicide deaths,Eastern Mediterranean,TOTAL,TOTAL,6.13,3.38,10.2726
16BBF41SDGSUICIDE,SDGSUICIDE,16BBF41,SDGSUICIDE,2005,YEAR,957,WHOREGION,PUBLISHED,Suicide deaths,Eastern Mediterranean,FEMALE,TOTAL,3.86,2.49,5.91
16BBF41SDGSUICIDE,SDGSUICIDE,16BBF41,SDGSUICIDE,2005,YEAR,957,WHOREGION,PUBLISHED,Suicide deaths,Eastern Mediterranean,TOTAL,TOTAL,6.12,3.38,10.2057
16BBF41SDGSUICIDE,SDGSUICIDE,16BBF41,SDGSUICIDE,2005,YEAR,957,WHOREGION,PUBLISHED,Suicide deaths,Eastern Mediterranean,MALE,TOTAL,8.26,4.22,14.2703
16BBF41SDGSUICIDE,SDGSUICIDE,16BBF41,SDGSUICIDE,2004,YEAR,957,WHOREGION,PUBLISHED,Suicide deaths,Eastern Mediterranean,TOTAL,TOTAL,6.24,3.44,10.3945
16BBF41SDGSUICIDE,SDGSUICIDE,16BBF41,SDGSUICIDE,2004,YEAR,957,WHOREGION,PUBLISHED,Suicide deaths,Eastern Mediterranean,FEMALE,TOTAL,3.95,2.57,6.02
16BBF41SDGSUICIDE,SDGSUICIDE,16BBF41,SDGSUICIDE,2004,YEAR,957,WHOREGION,PUBLISHED,Suicide deaths,Eastern Mediterranean,MALE,TOTAL,8.41,4.27,14.5386
16BBF41SDGSUICIDE,SDGSUICIDE,16BBF41,SDGSUICIDE,2003,YEAR,957,WHOREGION,PUBLISHED,Suicide deaths,Eastern Mediterranean,MALE,TOTAL,8.44,4.31,14.5788
16BBF41SDGSUICIDE,SDGSUICIDE,16BBF41,SDGSUICIDE,2003,YEAR,957,WHOREGION,PUBLISHED,Suicide deaths,Eastern Mediterranean,TOTAL,TOTAL,6.28,3.48,10.447
16BBF41SDGSUICIDE,SDGSUICIDE,16BBF41,SDGSUICIDE,2003,YEAR,957,WHOREGION,PUBLISHED,Suicide deaths,Eastern Mediterranean,FEMALE,TOTAL,4.01,2.61,6.1
16BBF41SDGSUICIDE,SDGSUICIDE,16BBF41,SDGSUICIDE,2002,YEAR,957,WHOREGION,PUBLISHED,Suicide deaths,Eastern Mediterranean,MALE,TOTAL,8.49,4.37,14.5333
16BBF41SDGSUICIDE,SDGSUICIDE,16BBF41,SDGSUICIDE,2002,YEAR,957,WHOREGION,PUBLISHED,Suicide deaths,Eastern Mediterranean,TOTAL,TOTAL,6.34,3.54,10.465
16BBF41SDGSUICIDE,SDGSUICIDE,16BBF41,SDGSUICIDE,2002,YEAR,957,WHOREGION,PUBLISHED,Suicide deaths,Eastern Mediterranean,FEMALE,TOTAL,4.07,2.66,6.19
16BBF41SDGSUICIDE,SDGSUICIDE,16BBF41,SDGSUICIDE,2001,YEAR,957,WHOREGION,PUBLISHED,Suicide deaths,Eastern Mediterranean,TOTAL,TOTAL,6.36,3.52,10.4855
16BBF41SDGSUICIDE,SDGSUICIDE,16BBF41,SDGSUICIDE,2001,YEAR,957,WHOREGION,PUBLISHED,Suicide deaths,Eastern Mediterranean,MALE,TOTAL,8.51,4.33,14.5582
16BBF41SDGSUICIDE,SDGSUICIDE,16BBF41,SDGSUICIDE,2001,YEAR,957,WHOREGION,PUBLISHED,Suicide deaths,Eastern Mediterranean,FEMALE,TOTAL,4.1,2.68,6.21
16BBF41SDGSUICIDE,SDGSUICIDE,16BBF41,SDGSUICIDE,2000,YEAR,957,WHOREGION,PUBLISHED,Suicide deaths,Eastern Mediterranean,MALE,TOTAL,8.47,4.33,14.4633
16BBF41SDGSUICIDE,SDGSUICIDE,16BBF41,SDGSUICIDE,2000,YEAR,957,WHOREGION,PUBLISHED,Suicide deaths,Eastern Mediterranean,TOTAL,TOTAL,6.34,3.52,10.437
16BBF41SDGSUICIDE,SDGSUICIDE,16BBF41,SDGSUICIDE,2000,YEAR,957,WHOREGION,PUBLISHED,Suicide deaths,Eastern Mediterranean,FEMALE,TOTAL,4.09,2.67,6.21
16BBF41SDGSUICIDE,SDGSUICIDE,16BBF41,SDGSUICIDE,2019,YEAR,956,WHOREGION,PUBLISHED,Suicide deaths,Europe,FEMALE,TOTAL,5.6,4.35,7.43
16BBF41SDGSUICIDE,SDGSUICIDE,16BBF41,SDGSUICIDE,2019,YEAR,956,WHOREGION,PUBLISHED,Suicide deaths,Europe,MALE,TOTAL,20.3576,16.1908,25.8642
16BBF41SDGSUICIDE,SDGSUICIDE,16BBF41,SDGSUICIDE,2019,YEAR,956,WHOREGION,PUBLISHED,Suicide deaths,Europe,TOTAL,TOTAL,12.759,10.0941,16.3673
16BBF41SDGSUICIDE,SDGSUICIDE,16BBF41,SDGSUICIDE,2018,YEAR,956,WHOREGION,PUBLISHED,Suicide deaths,Europe,MALE,TOTAL,21.4044,17.7128,26.0966
16BBF41SDGSUICIDE,SDGSUICIDE,16BBF41,SDGSUICIDE,2018,YEAR,956,WHOREGION,PUBLISHED,Suicide deaths,Europe,TOTAL,TOTAL,13.3738,10.9964,16.4767
16BBF41SDGSUICIDE,SDGSUICIDE,16BBF41,SDGSUICIDE,2018,YEAR,956,WHOREGION,PUBLISHED,Suicide deaths,Europe,FEMALE,TOTAL,5.82,4.68,7.43
16BBF41SDGSUICIDE,SDGSUICIDE,16BBF41,SDGSUICIDE,2017,YEAR,956,WHOREGION,PUBLISHED,Suicide deaths,Europe,TOTAL,TOTAL,13.5783,11.7302,16.0206
16BBF41SDGSUICIDE,SDGSUICIDE,16BBF41,SDGSUICIDE,2017,YEAR,956,WHOREGION,PUBLISHED,Suicide deaths,Europe,FEMALE,TOTAL,5.87,4.94,7.11
16BBF41SDGSUICIDE,SDGSUICIDE,16BBF41,SDGSUICIDE,2017,YEAR,956,WHOREGION,PUBLISHED,Suicide deaths,Europe,MALE,TOTAL,21.7839,18.9514,25.5051
16BBF41SDGSUICIDE,SDGSUICIDE,16BBF41,SDGSUICIDE,2016,YEAR,956,WHOREGION,PUBLISHED,Suicide deaths,Europe,FEMALE,TOTAL,6.08,5.22,7.11
16BBF41SDGSUICIDE,SDGSUICIDE,16BBF41,SDGSUICIDE,2016,YEAR,956,WHOREGION,PUBLISHED,Suicide deaths,Europe,MALE,TOTAL,23.09,20.5358,26.2218
16BBF41SDGSUICIDE,SDGSUICIDE,16BBF41,SDGSUICIDE,2016,YEAR,956,WHOREGION,PUBLISHED,Suicide deaths,Europe,TOTAL,TOTAL,14.3152,12.6366,16.3649
16BBF41SDGSUICIDE,SDGSUICIDE,16BBF41,SDGSUICIDE,2015,YEAR,956,WHOREGION,PUBLISHED,Suicide deaths,Europe,MALE,TOTAL,23.9922,21.5923,27.175
16BBF41SDGSUICIDE,SDGSUICIDE,16BBF41,SDGSUICIDE,2015,YEAR,956,WHOREGION,PUBLISHED,Suicide deaths,Europe,TOTAL,TOTAL,14.9027,13.3041,17.1848
16BBF41SDGSUICIDE,SDGSUICIDE,16BBF41,SDGSUICIDE,2015,YEAR,956,WHOREGION,PUBLISHED,Suicide deaths,Europe,FEMALE,TOTAL,6.37,5.53,7.81
16BBF41SDGSUICIDE,SDGSUICIDE,16BBF41,SDGSUICIDE,2014,YEAR,956,WHOREGION,PUBLISHED,Suicide deaths,Europe,TOTAL,TOTAL,15.5512,13.9986,17.4501
16BBF41SDGSUICIDE,SDGSUICIDE,16BBF41,SDGSUICIDE,2014,YEAR,956,WHOREGION,PUBLISHED,Suicide deaths,Europe,FEMALE,TOTAL,6.45,5.63,7.43
16BBF41SDGSUICIDE,SDGSUICIDE,16BBF41,SDGSUICIDE,2014,YEAR,956,WHOREGION,PUBLISHED,Suicide deaths,Europe,MALE,TOTAL,25.2566,22.9212,28.1335
16BBF41SDGSUICIDE,SDGSUICIDE,16BBF41,SDGSUICIDE,2013,YEAR,956,WHOREGION,PUBLISHED,Suicide deaths,Europe,TOTAL,TOTAL,15.7271,14.2146,17.7102
16BBF41SDGSUICIDE,SDGSUICIDE,16BBF41,SDGSUICIDE,2013,YEAR,956,WHOREGION,PUBLISHED,Suicide deaths,Europe,MALE,TOTAL,25.5442,23.2755,28.7194
16BBF41SDGSUICIDE,SDGSUICIDE,16BBF41,SDGSUICIDE,2013,YEAR,956,WHOREGION,PUBLISHED,Suicide deaths,Europe,FEMALE,TOTAL,6.53,5.72,7.39
16BBF41SDGSUICIDE,SDGSUICIDE,16BBF41,SDGSUICIDE,2012,YEAR,956,WHOREGION,PUBLISHED,Suicide deaths,Europe,FEMALE,TOTAL,6.55,5.77,7.68
16BBF41SDGSUICIDE,SDGSUICIDE,16BBF41,SDGSUICIDE,2012,YEAR,956,WHOREGION,PUBLISHED,Suicide deaths,Europe,MALE,TOTAL,26.0734,23.814,29.135
16BBF41SDGSUICIDE,SDGSUICIDE,16BBF41,SDGSUICIDE,2012,YEAR,956,WHOREGION,PUBLISHED,Suicide deaths,Europe,TOTAL,TOTAL,15.9924,14.4951,18.0556
16BBF41SDGSUICIDE,SDGSUICIDE,16BBF41,SDGSUICIDE,2011,YEAR,956,WHOREGION,PUBLISHED,Suicide deaths,Europe,FEMALE,TOTAL,6.62,5.84,8
16BBF41SDGSUICIDE,SDGSUICIDE,16BBF41,SDGSUICIDE,2011,YEAR,956,WHOREGION,PUBLISHED,Suicide deaths,Europe,TOTAL,TOTAL,16.2454,14.7604,18.26
16BBF41SDGSUICIDE,SDGSUICIDE,16BBF41,SDGSUICIDE,2011,YEAR,956,WHOREGION,PUBLISHED,Suicide deaths,Europe,MALE,TOTAL,26.5263,24.286,29.2203
16BBF41SDGSUICIDE,SDGSUICIDE,16BBF41,SDGSUICIDE,2010,YEAR,956,WHOREGION,PUBLISHED,Suicide deaths,Europe,MALE,TOTAL,27.3903,25.1321,30.1066
16BBF41SDGSUICIDE,SDGSUICIDE,16BBF41,SDGSUICIDE,2010,YEAR,956,WHOREGION,PUBLISHED,Suicide deaths,Europe,TOTAL,TOTAL,16.7478,15.2495,18.608
16BBF41SDGSUICIDE,SDGSUICIDE,16BBF41,SDGSUICIDE,2010,YEAR,956,WHOREGION,PUBLISHED,Suicide deaths,Europe,FEMALE,TOTAL,6.79,6,7.85
16BBF41SDGSUICIDE,SDGSUICIDE,16BBF41,SDGSUICIDE,2009,YEAR,956,WHOREGION,PUBLISHED,Suicide deaths,Europe,MALE,TOTAL,27.9388,25.6254,31.2639
16BBF41SDGSUICIDE,SDGSUICIDE,16BBF41,SDGSUICIDE,2009,YEAR,956,WHOREGION,PUBLISHED,Suicide deaths,Europe,TOTAL,TOTAL,17.0471,15.5237,19.1826
16BBF41SDGSUICIDE,SDGSUICIDE,16BBF41,SDGSUICIDE,2009,YEAR,956,WHOREGION,PUBLISHED,Suicide deaths,Europe,FEMALE,TOTAL,6.86,6.07,7.88
16BBF41SDGSUICIDE,SDGSUICIDE,16BBF41,SDGSUICIDE,2008,YEAR,956,WHOREGION,PUBLISHED,Suicide deaths,Europe,TOTAL,TOTAL,17.62,16.0318,20.0159
16BBF41SDGSUICIDE,SDGSUICIDE,16BBF41,SDGSUICIDE,2008,YEAR,956,WHOREGION,PUBLISHED,Suicide deaths,Europe,MALE,TOTAL,28.9064,26.4959,32.6583
16BBF41SDGSUICIDE,SDGSUICIDE,16BBF41,SDGSUICIDE,2008,YEAR,956,WHOREGION,PUBLISHED,Suicide deaths,Europe,FEMALE,TOTAL,7.06,6.24,8.19
16BBF41SDGSUICIDE,SDGSUICIDE,16BBF41,SDGSUICIDE,2007,YEAR,956,WHOREGION,PUBLISHED,Suicide deaths,Europe,MALE,TOTAL,29.0259,26.6075,32.3377
16BBF41SDGSUICIDE,SDGSUICIDE,16BBF41,SDGSUICIDE,2007,YEAR,956,WHOREGION,PUBLISHED,Suicide deaths,Europe,TOTAL,TOTAL,17.6819,16.0932,19.718
16BBF41SDGSUICIDE,SDGSUICIDE,16BBF41,SDGSUICIDE,2007,YEAR,956,WHOREGION,PUBLISHED,Suicide deaths,Europe,FEMALE,TOTAL,7.07,6.26,7.91
16BBF41SDGSUICIDE,SDGSUICIDE,16BBF41,SDGSUICIDE,2006,YEAR,956,WHOREGION,PUBLISHED,Suicide deaths,Europe,TOTAL,TOTAL,18.5717,16.8798,20.6331
16BBF41SDGSUICIDE,SDGSUICIDE,16BBF41,SDGSUICIDE,2006,YEAR,956,WHOREGION,PUBLISHED,Suicide deaths,Europe,FEMALE,TOTAL,7.35,6.5,8.52
16BBF41SDGSUICIDE,SDGSUICIDE,16BBF41,SDGSUICIDE,2006,YEAR,956,WHOREGION,PUBLISHED,Suicide deaths,Europe,MALE,TOTAL,30.5701,27.9718,33.5808
16BBF41SDGSUICIDE,SDGSUICIDE,16BBF41,SDGSUICIDE,2005,YEAR,956,WHOREGION,PUBLISHED,Suicide deaths,Europe,FEMALE,TOTAL,7.8,6.84,9.5
16BBF41SDGSUICIDE,SDGSUICIDE,16BBF41,SDGSUICIDE,2005,YEAR,956,WHOREGION,PUBLISHED,Suicide deaths,Europe,TOTAL,TOTAL,19.9237,17.9795,22.4824
16BBF41SDGSUICIDE,SDGSUICIDE,16BBF41,SDGSUICIDE,2005,YEAR,956,WHOREGION,PUBLISHED,Suicide deaths,Europe,MALE,TOTAL,32.8871,29.8844,36.3559
16BBF41SDGSUICIDE,SDGSUICIDE,16BBF41,SDGSUICIDE,2004,YEAR,956,WHOREGION,PUBLISHED,Suicide deaths,Europe,TOTAL,TOTAL,20.1964,18.4074,22.3227
16BBF41SDGSUICIDE,SDGSUICIDE,16BBF41,SDGSUICIDE,2004,YEAR,956,WHOREGION,PUBLISHED,Suicide deaths,Europe,MALE,TOTAL,33.3795,30.6271,36.5594
16BBF41SDGSUICIDE,SDGSUICIDE,16BBF41,SDGSUICIDE,2004,YEAR,956,WHOREGION,PUBLISHED,Suicide deaths,Europe,FEMALE,TOTAL,7.87,6.98,9.01
16BBF41SDGSUICIDE,SDGSUICIDE,16BBF41,SDGSUICIDE,2003,YEAR,956,WHOREGION,PUBLISHED,Suicide deaths,Europe,TOTAL,TOTAL,20.7112,18.8641,22.8499
16BBF41SDGSUICIDE,SDGSUICIDE,16BBF41,SDGSUICIDE,2003,YEAR,956,WHOREGION,PUBLISHED,Suicide deaths,Europe,MALE,TOTAL,34.239,31.3979,37.5354
16BBF41SDGSUICIDE,SDGSUICIDE,16BBF41,SDGSUICIDE,2003,YEAR,956,WHOREGION,PUBLISHED,Suicide deaths,Europe,FEMALE,TOTAL,8.06,7.14,9.12
16BBF41SDGSUICIDE,SDGSUICIDE,16BBF41,SDGSUICIDE,2002,YEAR,956,WHOREGION,PUBLISHED,Suicide deaths,Europe,FEMALE,TOTAL,8.2,7.3,9.59
16BBF41SDGSUICIDE,SDGSUICIDE,16BBF41,SDGSUICIDE,2002,YEAR,956,WHOREGION,PUBLISHED,Suicide deaths,Europe,TOTAL,TOTAL,21.1095,19.272,23.536
16BBF41SDGSUICIDE,SDGSUICIDE,16BBF41,SDGSUICIDE,2002,YEAR,956,WHOREGION,PUBLISHED,Suicide deaths,Europe,MALE,TOTAL,34.912,32.0753,38.4469
16BBF41SDGSUICIDE,SDGSUICIDE,16BBF41,SDGSUICIDE,2001,YEAR,956,WHOREGION,PUBLISHED,Suicide deaths,Europe,TOTAL,TOTAL,21.2571,19.4691,23.608
16BBF41SDGSUICIDE,SDGSUICIDE,16BBF41,SDGSUICIDE,2001,YEAR,956,WHOREGION,PUBLISHED,Suicide deaths,Europe,MALE,TOTAL,35.3522,32.5812,39.2358
16BBF41SDGSUICIDE,SDGSUICIDE,16BBF41,SDGSUICIDE,2001,YEAR,956,WHOREGION,PUBLISHED,Suicide deaths,Europe,FEMALE,TOTAL,8.08,7.21,9
16BBF41SDGSUICIDE,SDGSUICIDE,16BBF41,SDGSUICIDE,2000,YEAR,956,WHOREGION,PUBLISHED,Suicide deaths,Europe,MALE,TOTAL,36.2958,33.4776,40.0265
16BBF41SDGSUICIDE,SDGSUICIDE,16BBF41,SDGSUICIDE,2000,YEAR,956,WHOREGION,PUBLISHED,Suicide deaths,Europe,TOTAL,TOTAL,21.8807,20.049,24.1787
16BBF41SDGSUICIDE,SDGSUICIDE,16BBF41,SDGSUICIDE,2000,YEAR,956,WHOREGION,PUBLISHED,Suicide deaths,Europe,FEMALE,TOTAL,8.4,7.49,9.36
16BBF41SDGSUICIDE,SDGSUICIDE,16BBF41,SDGSUICIDE,2019,YEAR,955,WHOREGION,PUBLISHED,Suicide deaths,South-East Asia,MALE,TOTAL,11.934,8.1,15.6997
16BBF41SDGSUICIDE,SDGSUICIDE,16BBF41,SDGSUICIDE,2019,YEAR,955,WHOREGION,PUBLISHED,Suicide deaths,South-East Asia,TOTAL,TOTAL,10.0729,7.16,13.1883
16BBF41SDGSUICIDE,SDGSUICIDE,16BBF41,SDGSUICIDE,2019,YEAR,955,WHOREGION,PUBLISHED,Suicide deaths,South-East Asia,FEMALE,TOTAL,8.12,6.16,10.5479
16BBF41SDGSUICIDE,SDGSUICIDE,16BBF41,SDGSUICIDE,2018,YEAR,955,WHOREGION,PUBLISHED,Suicide deaths,South-East Asia,FEMALE,TOTAL,8.03,6.24,10.1492
16BBF41SDGSUICIDE,SDGSUICIDE,16BBF41,SDGSUICIDE,2018,YEAR,955,WHOREGION,PUBLISHED,Suicide deaths,South-East Asia,MALE,TOTAL,11.8102,8.02,15.2665
16BBF41SDGSUICIDE,SDGSUICIDE,16BBF41,SDGSUICIDE,2018,YEAR,955,WHOREGION,PUBLISHED,Suicide deaths,South-East Asia,TOTAL,TOTAL,9.97,7.15,12.7723
16BBF41SDGSUICIDE,SDGSUICIDE,16BBF41,SDGSUICIDE,2017,YEAR,955,WHOREGION,PUBLISHED,Suicide deaths,South-East Asia,FEMALE,TOTAL,7.73,6.14,9.61
16BBF41SDGSUICIDE,SDGSUICIDE,16BBF41,SDGSUICIDE,2017,YEAR,955,WHOREGION,PUBLISHED,Suicide deaths,South-East Asia,TOTAL,TOTAL,9.61,7,12.1709
16BBF41SDGSUICIDE,SDGSUICIDE,16BBF41,SDGSUICIDE,2017,YEAR,955,WHOREGION,PUBLISHED,Suicide deaths,South-East Asia,MALE,TOTAL,11.3863,7.81,14.6055
16BBF41SDGSUICIDE,SDGSUICIDE,16BBF41,SDGSUICIDE,2016,YEAR,955,WHOREGION,PUBLISHED,Suicide deaths,South-East Asia,TOTAL,TOTAL,9.63,7.1,11.9748
16BBF41SDGSUICIDE,SDGSUICIDE,16BBF41,SDGSUICIDE,2016,YEAR,955,WHOREGION,PUBLISHED,Suicide deaths,South-East Asia,MALE,TOTAL,11.3869,7.81,14.3492
16BBF41SDGSUICIDE,SDGSUICIDE,16BBF41,SDGSUICIDE,2016,YEAR,955,WHOREGION,PUBLISHED,Suicide deaths,South-East Asia,FEMALE,TOTAL,7.77,6.34,9.48
16BBF41SDGSUICIDE,SDGSUICIDE,16BBF41,SDGSUICIDE,2015,YEAR,955,WHOREGION,PUBLISHED,Suicide deaths,South-East Asia,MALE,TOTAL,11.5154,8.04,14.2306
16BBF41SDGSUICIDE,SDGSUICIDE,16BBF41,SDGSUICIDE,2015,YEAR,955,WHOREGION,PUBLISHED,Suicide deaths,South-East Asia,TOTAL,TOTAL,9.76,7.31,11.9452
16BBF41SDGSUICIDE,SDGSUICIDE,16BBF41,SDGSUICIDE,2015,YEAR,955,WHOREGION,PUBLISHED,Suicide deaths,South-East Asia,FEMALE,TOTAL,7.92,6.55,9.54
16BBF41SDGSUICIDE,SDGSUICIDE,16BBF41,SDGSUICIDE,2014,YEAR,955,WHOREGION,PUBLISHED,Suicide deaths,South-East Asia,MALE,TOTAL,12.002,8.25,14.5619
16BBF41SDGSUICIDE,SDGSUICIDE,16BBF41,SDGSUICIDE,2014,YEAR,955,WHOREGION,PUBLISHED,Suicide deaths,South-East Asia,FEMALE,TOTAL,8.07,6.7,9.59
16BBF41SDGSUICIDE,SDGSUICIDE,16BBF41,SDGSUICIDE,2014,YEAR,955,WHOREGION,PUBLISHED,Suicide deaths,South-East Asia,TOTAL,TOTAL,10.086,7.5,12.1398
16BBF41SDGSUICIDE,SDGSUICIDE,16BBF41,SDGSUICIDE,2013,YEAR,955,WHOREGION,PUBLISHED,Suicide deaths,South-East Asia,MALE,TOTAL,12.7227,8.86,15.2823
16BBF41SDGSUICIDE,SDGSUICIDE,16BBF41,SDGSUICIDE,2013,YEAR,955,WHOREGION,PUBLISHED,Suicide deaths,South-East Asia,FEMALE,TOTAL,8.63,7.24,10.0846
16BBF41SDGSUICIDE,SDGSUICIDE,16BBF41,SDGSUICIDE,2013,YEAR,955,WHOREGION,PUBLISHED,Suicide deaths,South-East Asia,TOTAL,TOTAL,10.7292,8.07,12.7521
16BBF41SDGSUICIDE,SDGSUICIDE,16BBF41,SDGSUICIDE,2012,YEAR,955,WHOREGION,PUBLISHED,Suicide deaths,South-East Asia,MALE,TOTAL,13.2761,9.18,15.9136
16BBF41SDGSUICIDE,SDGSUICIDE,16BBF41,SDGSUICIDE,2012,YEAR,955,WHOREGION,PUBLISHED,Suicide deaths,South-East Asia,FEMALE,TOTAL,8.97,7.57,10.4272
16BBF41SDGSUICIDE,SDGSUICIDE,16BBF41,SDGSUICIDE,2012,YEAR,955,WHOREGION,PUBLISHED,Suicide deaths,South-East Asia,TOTAL,TOTAL,11.1794,8.4,13.2439
16BBF41SDGSUICIDE,SDGSUICIDE,16BBF41,SDGSUICIDE,2011,YEAR,955,WHOREGION,PUBLISHED,Suicide deaths,South-East Asia,FEMALE,TOTAL,9.39,7.9,10.9753
16BBF41SDGSUICIDE,SDGSUICIDE,16BBF41,SDGSUICIDE,2011,YEAR,955,WHOREGION,PUBLISHED,Suicide deaths,South-East Asia,TOTAL,TOTAL,11.4947,8.65,13.6892
16BBF41SDGSUICIDE,SDGSUICIDE,16BBF41,SDGSUICIDE,2011,YEAR,955,WHOREGION,PUBLISHED,Suicide deaths,South-East Asia,MALE,TOTAL,13.4877,9.36,16.2597
16BBF41SDGSUICIDE,SDGSUICIDE,16BBF41,SDGSUICIDE,2010,YEAR,955,WHOREGION,PUBLISHED,Suicide deaths,South-East Asia,TOTAL,TOTAL,11.5631,8.8,13.82
16BBF41SDGSUICIDE,SDGSUICIDE,16BBF41,SDGSUICIDE,2010,YEAR,955,WHOREGION,PUBLISHED,Suicide deaths,South-East Asia,MALE,TOTAL,13.5281,9.58,16.3882
16BBF41SDGSUICIDE,SDGSUICIDE,16BBF41,SDGSUICIDE,2010,YEAR,955,WHOREGION,PUBLISHED,Suicide deaths,South-East Asia,FEMALE,TOTAL,9.49,7.97,11.107
16BBF41SDGSUICIDE,SDGSUICIDE,16BBF41,SDGSUICIDE,2009,YEAR,955,WHOREGION,PUBLISHED,Suicide deaths,South-East Asia,FEMALE,TOTAL,9.15,7.74,10.6572
16BBF41SDGSUICIDE,SDGSUICIDE,16BBF41,SDGSUICIDE,2009,YEAR,955,WHOREGION,PUBLISHED,Suicide deaths,South-East Asia,MALE,TOTAL,13.742,9.74,16.7534
16BBF41SDGSUICIDE,SDGSUICIDE,16BBF41,SDGSUICIDE,2009,YEAR,955,WHOREGION,PUBLISHED,Suicide deaths,South-East Asia,TOTAL,TOTAL,11.5104,8.76,13.7894
16BBF41SDGSUICIDE,SDGSUICIDE,16BBF41,SDGSUICIDE,2008,YEAR,955,WHOREGION,PUBLISHED,Suicide deaths,South-East Asia,MALE,TOTAL,14.1884,10.1474,17.0202
16BBF41SDGSUICIDE,SDGSUICIDE,16BBF41,SDGSUICIDE,2008,YEAR,955,WHOREGION,PUBLISHED,Suicide deaths,South-East Asia,TOTAL,TOTAL,11.8257,9.08,14.0366
16BBF41SDGSUICIDE,SDGSUICIDE,16BBF41,SDGSUICIDE,2008,YEAR,955,WHOREGION,PUBLISHED,Suicide deaths,South-East Asia,FEMALE,TOTAL,9.33,7.94,10.8829
16BBF41SDGSUICIDE,SDGSUICIDE,16BBF41,SDGSUICIDE,2007,YEAR,955,WHOREGION,PUBLISHED,Suicide deaths,South-East Asia,TOTAL,TOTAL,12.0285,9.33,14.3885
16BBF41SDGSUICIDE,SDGSUICIDE,16BBF41,SDGSUICIDE,2007,YEAR,955,WHOREGION,PUBLISHED,Suicide deaths,South-East Asia,MALE,TOTAL,14.3927,10.5363,17.4072
16BBF41SDGSUICIDE,SDGSUICIDE,16BBF41,SDGSUICIDE,2007,YEAR,955,WHOREGION,PUBLISHED,Suicide deaths,South-East Asia,FEMALE,TOTAL,9.53,8.05,11.1972
16BBF41SDGSUICIDE,SDGSUICIDE,16BBF41,SDGSUICIDE,2006,YEAR,955,WHOREGION,PUBLISHED,Suicide deaths,South-East Asia,MALE,TOTAL,14.508,10.6092,17.718
16BBF41SDGSUICIDE,SDGSUICIDE,16BBF41,SDGSUICIDE,2006,YEAR,955,WHOREGION,PUBLISHED,Suicide deaths,South-East Asia,FEMALE,TOTAL,9.91,8.31,11.8163
16BBF41SDGSUICIDE,SDGSUICIDE,16BBF41,SDGSUICIDE,2006,YEAR,955,WHOREGION,PUBLISHED,Suicide deaths,South-East Asia,TOTAL,TOTAL,12.2735,9.49,14.8492
16BBF41SDGSUICIDE,SDGSUICIDE,16BBF41,SDGSUICIDE,2005,YEAR,955,WHOREGION,PUBLISHED,Suicide deaths,South-East Asia,TOTAL,TOTAL,12.2913,9.56,14.885
16BBF41SDGSUICIDE,SDGSUICIDE,16BBF41,SDGSUICIDE,2005,YEAR,955,WHOREGION,PUBLISHED,Suicide deaths,South-East Asia,FEMALE,TOTAL,10.1701,8.55,12.1703
16BBF41SDGSUICIDE,SDGSUICIDE,16BBF41,SDGSUICIDE,2005,YEAR,955,WHOREGION,PUBLISHED,Suicide deaths,South-East Asia,MALE,TOTAL,14.2978,10.5251,17.453
16BBF41SDGSUICIDE,SDGSUICIDE,16BBF41,SDGSUICIDE,2004,YEAR,955,WHOREGION,PUBLISHED,Suicide deaths,South-East Asia,TOTAL,TOTAL,12.085,9.45,14.7647
16BBF41SDGSUICIDE,SDGSUICIDE,16BBF41,SDGSUICIDE,2004,YEAR,955,WHOREGION,PUBLISHED,Suicide deaths,South-East Asia,MALE,TOTAL,14.0428,10.4599,17.3523
16BBF41SDGSUICIDE,SDGSUICIDE,16BBF41,SDGSUICIDE,2004,YEAR,955,WHOREGION,PUBLISHED,Suicide deaths,South-East Asia,FEMALE,TOTAL,10.0156,8.38,12.0294
16BBF41SDGSUICIDE,SDGSUICIDE,16BBF41,SDGSUICIDE,2003,YEAR,955,WHOREGION,PUBLISHED,Suicide deaths,South-East Asia,TOTAL,TOTAL,12.2351,9.53,14.8508
16BBF41SDGSUICIDE,SDGSUICIDE,16BBF41,SDGSUICIDE,2003,YEAR,955,WHOREGION,PUBLISHED,Suicide deaths,South-East Asia,FEMALE,TOTAL,10.3872,8.7,12.4445
16BBF41SDGSUICIDE,SDGSUICIDE,16BBF41,SDGSUICIDE,2003,YEAR,955,WHOREGION,PUBLISHED,Suicide deaths,South-East Asia,MALE,TOTAL,13.9837,10.3047,17.1277
16BBF41SDGSUICIDE,SDGSUICIDE,16BBF41,SDGSUICIDE,2002,YEAR,955,WHOREGION,PUBLISHED,Suicide deaths,South-East Asia,MALE,TOTAL,14.4265,10.6151,17.5743
16BBF41SDGSUICIDE,SDGSUICIDE,16BBF41,SDGSUICIDE,2002,YEAR,955,WHOREGION,PUBLISHED,Suicide deaths,South-East Asia,TOTAL,TOTAL,12.8034,9.96,15.4671
16BBF41SDGSUICIDE,SDGSUICIDE,16BBF41,SDGSUICIDE,2002,YEAR,955,WHOREGION,PUBLISHED,Suicide deaths,South-East Asia,FEMALE,TOTAL,11.0885,9.26,13.2406
16BBF41SDGSUICIDE,SDGSUICIDE,16BBF41,SDGSUICIDE,2001,YEAR,955,WHOREGION,PUBLISHED,Suicide deaths,South-East Asia,FEMALE,TOTAL,11.7035,9.83,13.9006
16BBF41SDGSUICIDE,SDGSUICIDE,16BBF41,SDGSUICIDE,2001,YEAR,955,WHOREGION,PUBLISHED,Suicide deaths,South-East Asia,MALE,TOTAL,14.5548,10.6522,17.7532
16BBF41SDGSUICIDE,SDGSUICIDE,16BBF41,SDGSUICIDE,2001,YEAR,955,WHOREGION,PUBLISHED,Suicide deaths,South-East Asia,TOTAL,TOTAL,13.1682,10.2544,15.8797
16BBF41SDGSUICIDE,SDGSUICIDE,16BBF41,SDGSUICIDE,2000,YEAR,955,WHOREGION,PUBLISHED,Suicide deaths,South-East Asia,MALE,TOTAL,14.9324,10.9451,18.1411
16BBF41SDGSUICIDE,SDGSUICIDE,16BBF41,SDGSUICIDE,2000,YEAR,955,WHOREGION,PUBLISHED,Suicide deaths,South-East Asia,FEMALE,TOTAL,12.1674,10.2113,14.4937
16BBF41SDGSUICIDE,SDGSUICIDE,16BBF41,SDGSUICIDE,2000,YEAR,955,WHOREGION,PUBLISHED,Suicide deaths,South-East Asia,TOTAL,TOTAL,13.5877,10.5883,16.3673
16BBF41SDGSUICIDE,SDGSUICIDE,16BBF41,SDGSUICIDE,2019,YEAR,958,WHOREGION,PUBLISHED,Suicide deaths,Western Pacific,MALE,TOTAL,11.1384,8.12,15.1449
16BBF41SDGSUICIDE,SDGSUICIDE,16BBF41,SDGSUICIDE,2019,YEAR,958,WHOREGION,PUBLISHED,Suicide deaths,Western Pacific,FEMALE,TOTAL,6.23,4.89,8.34
16BBF41SDGSUICIDE,SDGSUICIDE,16BBF41,SDGSUICIDE,2019,YEAR,958,WHOREGION,PUBLISHED,Suicide deaths,Western Pacific,TOTAL,TOTAL,8.73,6.53,11.8044
16BBF41SDGSUICIDE,SDGSUICIDE,16BBF41,SDGSUICIDE,2018,YEAR,958,WHOREGION,PUBLISHED,Suicide deaths,Western Pacific,MALE,TOTAL,11.3597,8.44,15.0795
16BBF41SDGSUICIDE,SDGSUICIDE,16BBF41,SDGSUICIDE,2018,YEAR,958,WHOREGION,PUBLISHED,Suicide deaths,Western Pacific,TOTAL,TOTAL,8.88,6.78,11.7239
16BBF41SDGSUICIDE,SDGSUICIDE,16BBF41,SDGSUICIDE,2018,YEAR,958,WHOREGION,PUBLISHED,Suicide deaths,Western Pacific,FEMALE,TOTAL,6.3,5.06,8.24
16BBF41SDGSUICIDE,SDGSUICIDE,16BBF41,SDGSUICIDE,2017,YEAR,958,WHOREGION,PUBLISHED,Suicide deaths,Western Pacific,FEMALE,TOTAL,6.27,5.13,8.04
16BBF41SDGSUICIDE,SDGSUICIDE,16BBF41,SDGSUICIDE,2017,YEAR,958,WHOREGION,PUBLISHED,Suicide deaths,Western Pacific,MALE,TOTAL,11.3404,8.54,15.0879
16BBF41SDGSUICIDE,SDGSUICIDE,16BBF41,SDGSUICIDE,2017,YEAR,958,WHOREGION,PUBLISHED,Suicide deaths,Western Pacific,TOTAL,TOTAL,8.85,6.87,11.6282
16BBF41SDGSUICIDE,SDGSUICIDE,16BBF41,SDGSUICIDE,2016,YEAR,958,WHOREGION,PUBLISHED,Suicide deaths,Western Pacific,FEMALE,TOTAL,6.37,5.29,8.08
16BBF41SDGSUICIDE,SDGSUICIDE,16BBF41,SDGSUICIDE,2016,YEAR,958,WHOREGION,PUBLISHED,Suicide deaths,Western Pacific,MALE,TOTAL,11.3951,8.69,15.0544
16BBF41SDGSUICIDE,SDGSUICIDE,16BBF41,SDGSUICIDE,2016,YEAR,958,WHOREGION,PUBLISHED,Suicide deaths,Western Pacific,TOTAL,TOTAL,8.93,7.02,11.6348
16BBF41SDGSUICIDE,SDGSUICIDE,16BBF41,SDGSUICIDE,2015,YEAR,958,WHOREGION,PUBLISHED,Suicide deaths,Western Pacific,TOTAL,TOTAL,9.06,7.23,11.6836
16BBF41SDGSUICIDE,SDGSUICIDE,16BBF41,SDGSUICIDE,2015,YEAR,958,WHOREGION,PUBLISHED,Suicide deaths,Western Pacific,FEMALE,TOTAL,6.49,5.48,8.09
16BBF41SDGSUICIDE,SDGSUICIDE,16BBF41,SDGSUICIDE,2015,YEAR,958,WHOREGION,PUBLISHED,Suicide deaths,Western Pacific,MALE,TOTAL,11.541,8.91,15.1388
16BBF41SDGSUICIDE,SDGSUICIDE,16BBF41,SDGSUICIDE,2014,YEAR,958,WHOREGION,PUBLISHED,Suicide deaths,Western Pacific,TOTAL,TOTAL,9.32,7.5,12.0146
16BBF41SDGSUICIDE,SDGSUICIDE,16BBF41,SDGSUICIDE,2014,YEAR,958,WHOREGION,PUBLISHED,Suicide deaths,Western Pacific,FEMALE,TOTAL,6.78,5.82,8.5
16BBF41SDGSUICIDE,SDGSUICIDE,16BBF41,SDGSUICIDE,2014,YEAR,958,WHOREGION,PUBLISHED,Suicide deaths,Western Pacific,MALE,TOTAL,11.7572,9.11,15.398
16BBF41SDGSUICIDE,SDGSUICIDE,16BBF41,SDGSUICIDE,2013,YEAR,958,WHOREGION,PUBLISHED,Suicide deaths,Western Pacific,FEMALE,TOTAL,7.12,6.13,8.55
16BBF41SDGSUICIDE,SDGSUICIDE,16BBF41,SDGSUICIDE,2013,YEAR,958,WHOREGION,PUBLISHED,Suicide deaths,Western Pacific,MALE,TOTAL,12.0278,9.34,15.7981
16BBF41SDGSUICIDE,SDGSUICIDE,16BBF41,SDGSUICIDE,2013,YEAR,958,WHOREGION,PUBLISHED,Suicide deaths,Western Pacific,TOTAL,TOTAL,9.62,7.77,12.2423
16BBF41SDGSUICIDE,SDGSUICIDE,16BBF41,SDGSUICIDE,2012,YEAR,958,WHOREGION,PUBLISHED,Suicide deaths,Western Pacific,FEMALE,TOTAL,7.5,6.5,9.01
16BBF41SDGSUICIDE,SDGSUICIDE,16BBF41,SDGSUICIDE,2012,YEAR,958,WHOREGION,PUBLISHED,Suicide deaths,Western Pacific,TOTAL,TOTAL,9.96,8.03,12.6329
16BBF41SDGSUICIDE,SDGSUICIDE,16BBF41,SDGSUICIDE,2012,YEAR,958,WHOREGION,PUBLISHED,Suicide deaths,Western Pacific,MALE,TOTAL,12.3224,9.51,16.1181
16BBF41SDGSUICIDE,SDGSUICIDE,16BBF41,SDGSUICIDE,2011,YEAR,958,WHOREGION,PUBLISHED,Suicide deaths,Western Pacific,TOTAL,TOTAL,10.6522,8.61,13.3045
16BBF41SDGSUICIDE,SDGSUICIDE,16BBF41,SDGSUICIDE,2011,YEAR,958,WHOREGION,PUBLISHED,Suicide deaths,Western Pacific,FEMALE,TOTAL,8.18,7.11,9.7
16BBF41SDGSUICIDE,SDGSUICIDE,16BBF41,SDGSUICIDE,2011,YEAR,958,WHOREGION,PUBLISHED,Suicide deaths,Western Pacific,MALE,TOTAL,13.0284,10.0516,16.7727
16BBF41SDGSUICIDE,SDGSUICIDE,16BBF41,SDGSUICIDE,2010,YEAR,958,WHOREGION,PUBLISHED,Suicide deaths,Western Pacific,FEMALE,TOTAL,8.64,7.54,10.1347
16BBF41SDGSUICIDE,SDGSUICIDE,16BBF41,SDGSUICIDE,2010,YEAR,958,WHOREGION,PUBLISHED,Suicide deaths,Western Pacific,MALE,TOTAL,13.603,10.4782,17.1159
16BBF41SDGSUICIDE,SDGSUICIDE,16BBF41,SDGSUICIDE,2010,YEAR,958,WHOREGION,PUBLISHED,Suicide deaths,Western Pacific,TOTAL,TOTAL,11.1687,9.04,13.694
16BBF41SDGSUICIDE,SDGSUICIDE,16BBF41,SDGSUICIDE,2009,YEAR,958,WHOREGION,PUBLISHED,Suicide deaths,Western Pacific,FEMALE,TOTAL,9.08,7.99,10.597
16BBF41SDGSUICIDE,SDGSUICIDE,16BBF41,SDGSUICIDE,2009,YEAR,958,WHOREGION,PUBLISHED,Suicide deaths,Western Pacific,MALE,TOTAL,13.9341,10.7001,17.3916
16BBF41SDGSUICIDE,SDGSUICIDE,16BBF41,SDGSUICIDE,2009,YEAR,958,WHOREGION,PUBLISHED,Suicide deaths,Western Pacific,TOTAL,TOTAL,11.5563,9.37,14.061
16BBF41SDGSUICIDE,SDGSUICIDE,16BBF41,SDGSUICIDE,2008,YEAR,958,WHOREGION,PUBLISHED,Suicide deaths,Western Pacific,FEMALE,TOTAL,9.39,8.3,10.9634
16BBF41SDGSUICIDE,SDGSUICIDE,16BBF41,SDGSUICIDE,2008,YEAR,958,WHOREGION,PUBLISHED,Suicide deaths,Western Pacific,TOTAL,TOTAL,11.6953,9.45,14.1711
16BBF41SDGSUICIDE,SDGSUICIDE,16BBF41,SDGSUICIDE,2008,YEAR,958,WHOREGION,PUBLISHED,Suicide deaths,Western Pacific,MALE,TOTAL,13.9109,10.5509,17.2563
16BBF41SDGSUICIDE,SDGSUICIDE,16BBF41,SDGSUICIDE,2007,YEAR,958,WHOREGION,PUBLISHED,Suicide deaths,Western Pacific,FEMALE,TOTAL,9.84,8.69,11.1927
16BBF41SDGSUICIDE,SDGSUICIDE,16BBF41,SDGSUICIDE,2007,YEAR,958,WHOREGION,PUBLISHED,Suicide deaths,Western Pacific,MALE,TOTAL,14.0321,10.5517,17.0133
16BBF41SDGSUICIDE,SDGSUICIDE,16BBF41,SDGSUICIDE,2007,YEAR,958,WHOREGION,PUBLISHED,Suicide deaths,Western Pacific,TOTAL,TOTAL,11.9758,9.64,14.1591
16BBF41SDGSUICIDE,SDGSUICIDE,16BBF41,SDGSUICIDE,2006,YEAR,958,WHOREGION,PUBLISHED,Suicide deaths,Western Pacific,MALE,TOTAL,14.2502,10.6375,17.4712
16BBF41SDGSUICIDE,SDGSUICIDE,16BBF41,SDGSUICIDE,2006,YEAR,958,WHOREGION,PUBLISHED,Suicide deaths,Western Pacific,FEMALE,TOTAL,10.2661,9.04,11.8038
16BBF41SDGSUICIDE,SDGSUICIDE,16BBF41,SDGSUICIDE,2006,YEAR,958,WHOREGION,PUBLISHED,Suicide deaths,Western Pacific,TOTAL,TOTAL,12.2962,9.85,14.6916
16BBF41SDGSUICIDE,SDGSUICIDE,16BBF41,SDGSUICIDE,2005,YEAR,958,WHOREGION,PUBLISHED,Suicide deaths,Western Pacific,FEMALE,TOTAL,10.8905,9.58,12.5183
16BBF41SDGSUICIDE,SDGSUICIDE,16BBF41,SDGSUICIDE,2005,YEAR,958,WHOREGION,PUBLISHED,Suicide deaths,Western Pacific,MALE,TOTAL,15.0249,11.0889,18.285
16BBF41SDGSUICIDE,SDGSUICIDE,16BBF41,SDGSUICIDE,2005,YEAR,958,WHOREGION,PUBLISHED,Suicide deaths,Western Pacific,TOTAL,TOTAL,12.9968,10.3482,15.4561
16BBF41SDGSUICIDE,SDGSUICIDE,16BBF41,SDGSUICIDE,2004,YEAR,958,WHOREGION,PUBLISHED,Suicide deaths,Western Pacific,MALE,TOTAL,15.29,11.1689,18.2547
16BBF41SDGSUICIDE,SDGSUICIDE,16BBF41,SDGSUICIDE,2004,YEAR,958,WHOREGION,PUBLISHED,Suicide deaths,Western Pacific,FEMALE,TOTAL,11.1641,9.78,12.7985
16BBF41SDGSUICIDE,SDGSUICIDE,16BBF41,SDGSUICIDE,2004,YEAR,958,WHOREGION,PUBLISHED,Suicide deaths,Western Pacific,TOTAL,TOTAL,13.2657,10.4895,15.5778
16BBF41SDGSUICIDE,SDGSUICIDE,16BBF41,SDGSUICIDE,2003,YEAR,958,WHOREGION,PUBLISHED,Suicide deaths,Western Pacific,TOTAL,TOTAL,12.9417,10.3416,15.0882
16BBF41SDGSUICIDE,SDGSUICIDE,16BBF41,SDGSUICIDE,2003,YEAR,958,WHOREGION,PUBLISHED,Suicide deaths,Western Pacific,MALE,TOTAL,14.9994,11.1781,17.4489
16BBF41SDGSUICIDE,SDGSUICIDE,16BBF41,SDGSUICIDE,2003,YEAR,958,WHOREGION,PUBLISHED,Suicide deaths,Western Pacific,FEMALE,TOTAL,10.8058,9.47,12.6379
16BBF41SDGSUICIDE,SDGSUICIDE,16BBF41,SDGSUICIDE,2002,YEAR,958,WHOREGION,PUBLISHED,Suicide deaths,Western Pacific,TOTAL,TOTAL,12.2435,9.9,14.1607
16BBF41SDGSUICIDE,SDGSUICIDE,16BBF41,SDGSUICIDE,2002,YEAR,958,WHOREGION,PUBLISHED,Suicide deaths,Western Pacific,MALE,TOTAL,14.0108,10.6854,16.3162
16BBF41SDGSUICIDE,SDGSUICIDE,16BBF41,SDGSUICIDE,2002,YEAR,958,WHOREGION,PUBLISHED,Suicide deaths,Western Pacific,FEMALE,TOTAL,10.4092,9.08,11.9236
16BBF41SDGSUICIDE,SDGSUICIDE,16BBF41,SDGSUICIDE,2001,YEAR,958,WHOREGION,PUBLISHED,Suicide deaths,Western Pacific,FEMALE,TOTAL,11.3884,9.92,13.2995
16BBF41SDGSUICIDE,SDGSUICIDE,16BBF41,SDGSUICIDE,2001,YEAR,958,WHOREGION,PUBLISHED,Suicide deaths,Western Pacific,MALE,TOTAL,13.917,10.3444,16.5691
16BBF41SDGSUICIDE,SDGSUICIDE,16BBF41,SDGSUICIDE,2001,YEAR,958,WHOREGION,PUBLISHED,Suicide deaths,Western Pacific,TOTAL,TOTAL,12.6761,10.1361,14.9645
16BBF41SDGSUICIDE,SDGSUICIDE,16BBF41,SDGSUICIDE,2000,YEAR,958,WHOREGION,PUBLISHED,Suicide deaths,Western Pacific,FEMALE,TOTAL,12.8802,11.2174,15.0179
16BBF41SDGSUICIDE,SDGSUICIDE,16BBF41,SDGSUICIDE,2000,YEAR,958,WHOREGION,PUBLISHED,Suicide deaths,Western Pacific,TOTAL,TOTAL,13.7797,10.8159,16.1655
16BBF41SDGSUICIDE,SDGSUICIDE,16BBF41,SDGSUICIDE,2000,YEAR,958,WHOREGION,PUBLISHED,Suicide deaths,Western Pacific,MALE,TOTAL,14.6465,10.429,17.2714
